Workbook
Name SegmentaçãodeDados_team: #N/A
Name Timeline_date: #N/A

Sheet Dashboard
B1: Cloud Cost Dashboard — FinOps
B2: Synthetic AWS billing data · Jan–Jun 2026 · Filter with the period timeline and the team slicer
B3: Total cost | D3: % of budget | F3: MoM % | H3: % untagged | J3: Teams over budget
B4: =IFERROR(GETPIVOTDATA("[Measures].[Total Cost]",calc!$N$3),"—") -> 125664.08 | D4: =IFERROR(GETPIVOTDATA("[Measures].[% of Budget]",calc!$N$3),"—") -> 1.1321089 | F4: =IFERROR(1/(1/GETPIVOTDATA("[Measures].[MoM %]",calc!$N$3)),"—") -> — | H4: =IFERROR(GETPIVOTDATA("[Measures].[% Untagged]",calc!$N$3),"—") -> 0.078470475 | J4: =IFERROR(GETPIVOTDATA("[Measures].[Teams Over Budget]",calc!$N$3),"—") -> 1
F5: needs a single month selected | H5: =IFERROR(GETPIVOTDATA("[Measures].[Untagged Cost]",calc!$N$3),"—") -> 9860.9202

Sheet Lookup
A1: Cost lookup — pick a team and a month
A2: Team | B2: data | C2: ← dropdown
A3: Month | B3: 46113 | C3: ← dropdown
A5: Cost | B5: =SUMIFS(tbl_monthly[cost_usd],tbl_monthly[team],$B$2,tbl_monthly[month_start],$B$3) -> 10572.99
A6: Budget | B6: {=INDEX(tbl_budget[budget_usd],MATCH(1,(tbl_budget[team]=$B$2)*(tbl_budget[month_start]=$B$3),0))} -> 5000
A7: Variance | B7: =B5-B6 -> 5572.9902
A8: % of budget | B8: =IFERROR(B5/B6,"") -> 2.114598
A9: Prior month cost | B9: =SUMIFS(tbl_monthly[cost_usd],tbl_monthly[team],$B$2,tbl_monthly[month_start],EDATE($B$3,-1)) -> 4501.8363
A10: MoM change | B10: =IF(B9=0,"",B5/B9-1) -> 1.348595
A11: Untagged cost | B11: =SUMIFS(tbl_monthly[cost_usd],tbl_monthly[team],$B$2,tbl_monthly[month_start],$B$3,tbl_monthly[allocation],"account default") -> 0
A12: % untagged | B12: =IFERROR(B11/B5,"") -> 0

Sheet Top 10
A1: Top 10 most expensive resources · Jan–Jun 2026
A3: # | B3: Cost | C3: Row | D3: Resource | E3: Service | F3: Team | G3: Environment | H3: First seen | I3: % of total
A4: 1 | B4: =LARGE(tbl_resources[cost_usd],$A4) -> 8831.5869 | C4: =MATCH($B4,tbl_resources[cost_usd],0) -> 1 | D4: =INDEX(tbl_resources[resource_id],$C4) -> i-d1654b0d60dc | E4: =INDEX(tbl_resources[service],$C4) -> AmazonEC2 | F4: =INDEX(tbl_resources[team],$C4) -> data | G4: =INDEX(tbl_resources[tag_environment],$C4) -> dev | H4: =INDEX(tbl_resources[first_seen],$C4) -> 46122 | I4: =$B4/SUM(tbl_resources[cost_usd]) -> 0.070279325
A5: 2 | B5: =LARGE(tbl_resources[cost_usd],$A5) -> 8564.9809 | C5: =MATCH($B5,tbl_resources[cost_usd],0) -> 2 | D5: =INDEX(tbl_resources[resource_id],$C5) -> i-bdec3c334cca | E5: =INDEX(tbl_resources[service],$C5) -> AmazonEC2 | F5: =INDEX(tbl_resources[team],$C5) -> data | G5: =INDEX(tbl_resources[tag_environment],$C5) -> dev | H5: =INDEX(tbl_resources[first_seen],$C5) -> 46122 | I5: =$B5/SUM(tbl_resources[cost_usd]) -> 0.068157748
A6: 3 | B6: =LARGE(tbl_resources[cost_usd],$A6) -> 7509.6057 | C6: =MATCH($B6,tbl_resources[cost_usd],0) -> 3 | D6: =INDEX(tbl_resources[resource_id],$C6) -> i-24575e4f6d7b | E6: =INDEX(tbl_resources[service],$C6) -> AmazonEC2 | F6: =INDEX(tbl_resources[team],$C6) -> data | G6: =INDEX(tbl_resources[tag_environment],$C6) -> staging | H6: =INDEX(tbl_resources[first_seen],$C6) -> 46023 | I6: =$B6/SUM(tbl_resources[cost_usd]) -> 0.059759364
A7: 4 | B7: =LARGE(tbl_resources[cost_usd],$A7) -> 6727.6679 | C7: =MATCH($B7,tbl_resources[cost_usd],0) -> 4 | D7: =INDEX(tbl_resources[resource_id],$C7) -> i-a0c052e563ce | E7: =INDEX(tbl_resources[service],$C7) -> AmazonEC2 | F7: =INDEX(tbl_resources[team],$C7) -> data | G7: =INDEX(tbl_resources[tag_environment],$C7) -> dev | H7: =INDEX(tbl_resources[first_seen],$C7) -> 46122 | I7: =$B7/SUM(tbl_resources[cost_usd]) -> 0.05353692
A8: 5 | B8: =LARGE(tbl_resources[cost_usd],$A8) -> 6419.075 | C8: =MATCH($B8,tbl_resources[cost_usd],0) -> 5 | D8: =INDEX(tbl_resources[resource_id],$C8) -> i-fe482ed4a92c | E8: =INDEX(tbl_resources[service],$C8) -> AmazonEC2 | F8: =INDEX(tbl_resources[team],$C8) -> platform | G8: =INDEX(tbl_resources[tag_environment],$C8) -> prod | H8: =INDEX(tbl_resources[first_seen],$C8) -> 46023 | I8: =$B8/SUM(tbl_resources[cost_usd]) -> 0.051081223
A9: 6 | B9: =LARGE(tbl_resources[cost_usd],$A9) -> 6127.2194 | C9: =MATCH($B9,tbl_resources[cost_usd],0) -> 6 | D9: =INDEX(tbl_resources[resource_id],$C9) -> i-56585dd1fadb | E9: =INDEX(tbl_resources[service],$C9) -> AmazonEC2 | F9: =INDEX(tbl_resources[team],$C9) -> web | G9: =INDEX(tbl_resources[tag_environment],$C9) -> staging | H9: =INDEX(tbl_resources[first_seen],$C9) -> 46023 | I9: =$B9/SUM(tbl_resources[cost_usd]) -> 0.048758717
A10: 7 | B10: =LARGE(tbl_resources[cost_usd],$A10) -> 5721.1331 | C10: =MATCH($B10,tbl_resources[cost_usd],0) -> 7 | D10: =INDEX(tbl_resources[resource_id],$C10) -> db-003d9371f745 | E10: =INDEX(tbl_resources[service],$C10) -> AmazonRDS | F10: =INDEX(tbl_resources[team],$C10) -> web | G10: =INDEX(tbl_resources[tag_environment],$C10) -> staging | H10: =INDEX(tbl_resources[first_seen],$C10) -> 46023 | I10: =$B10/SUM(tbl_resources[cost_usd]) -> 0.045527194
A11: 8 | B11: =LARGE(tbl_resources[cost_usd],$A11) -> 5573.1674 | C11: =MATCH($B11,tbl_resources[cost_usd],0) -> 8 | D11: =INDEX(tbl_resources[resource_id],$C11) -> i-c616f8fd0ba8 | E11: =INDEX(tbl_resources[service],$C11) -> AmazonEC2 | F11: =INDEX(tbl_resources[team],$C11) -> platform | G11: =INDEX(tbl_resources[tag_environment],$C11) -> dev | H11: =INDEX(tbl_resources[first_seen],$C11) -> 46023 | I11: =$B11/SUM(tbl_resources[cost_usd]) -> 0.044349724
A12: 9 | B12: =LARGE(tbl_resources[cost_usd],$A12) -> 5115.6545 | C12: =MATCH($B12,tbl_resources[cost_usd],0) -> 9 | D12: =INDEX(tbl_resources[resource_id],$C12) -> db-29a7155ad5b4 | E12: =INDEX(tbl_resources[service],$C12) -> AmazonRDS | F12: =INDEX(tbl_resources[team],$C12) -> web | G12: =INDEX(tbl_resources[tag_environment],$C12) -> prod | H12: =INDEX(tbl_resources[first_seen],$C12) -> 46023 | I12: =$B12/SUM(tbl_resources[cost_usd]) -> 0.040708963
A13: 10 | B13: =LARGE(tbl_resources[cost_usd],$A13) -> 5015.0294 | C13: =MATCH($B13,tbl_resources[cost_usd],0) -> 10 | D13: =INDEX(tbl_resources[resource_id],$C13) -> db-22107943bb7a | E13: =INDEX(tbl_resources[service],$C13) -> AmazonRDS | F13: =INDEX(tbl_resources[team],$C13) -> web | G13: =INDEX(tbl_resources[tag_environment],$C13) -> staging | H13: =INDEX(tbl_resources[first_seen],$C13) -> 46023 | I13: =$B13/SUM(tbl_resources[cost_usd]) -> 0.039908216

Sheet calc
A3: Row Labels | B3: Total Cost | C3: Budget | E3: Row Labels | F3: Total Cost | G3: Budget | H3: % of Budget | J3: Row Labels | K3: Total Cost | N3: Total Cost | O3: % of Budget | P3: MoM % | Q3: % Untagged | R3: Untagged Cost | S3: Teams Over Budget
A4: 2026-01 | B4: 16037.56 | C4: 17600 | E4: data | F4: 51103.373 | G4: 29700 | H4: 1.7206523 | J4: AmazonEC2 | K4: 65566.746 | N4: 125664.08 | O4: 1.1321089 | Q4: 0.078470475 | R4: 9860.9202 | S4: 1
A5: 2026-02 | B5: 14900.602 | C5: 16500 | E5: platform | F5: 34256.344 | G5: 37600 | H5: 0.91107297 | J5: AmazonRDS | K5: 29710.292
A6: 2026-03 | B6: 16853.376 | C6: 18700 | E6: web | F6: 40304.366 | G6: 43700 | H6: 0.9222967 | J6: AmazonCloudFront | K6: 16575.121
A7: 2026-04 | B7: 22928.336 | C7: 18600 | E7: Grand Total | F7: 125664.08 | G7: 111000 | H7: 1.1321089 | J7: AmazonDynamoDB | K7: 7504.2394
A8: 2026-05 | B8: 27895.953 | C8: 19800 | J8: AWSLambda | K8: 3638.869
A9: 2026-06 | B9: 27048.255 | C9: 19800 | J9: AmazonS3 | K9: 2668.8154
A10: Grand Total | B10: 125664.08 | C10: 111000 | J10: Grand Total | K10: 125664.08
E12: Row Labels | F12: Total Cost | G12: Budget
E13: data | F13: 51103.373 | G13: 29700
E14: platform | F14: 34256.344 | G14: 37600
E15: web | F15: 40304.366 | G15: 43700
E16: Grand Total | F16: 125664.08 | G16: 111000

Sheet _checks
A1: Row Labels | B1: Soma de cost_usd | C1: Soma de budget_usd | D1: Untagged Cost | E1: % Untagged | F1: Budget | G1: Budget Variance | H1: % of Budget | I1: Cost Prev Month
A2: 2026-01
A3: data | B3: 4292.8391 | C3: 4700 | F3: 4700 | G3: -407.1609 | H3: 0.91337002
A4: platform | B4: 5432.095 | C4: 6000 | D4: 1573.3857 | E4: 0.2896462 | F4: 6000 | G4: -567.905 | H4: 0.90534917
A5: web | B5: 6312.626 | C5: 6900 | F5: 6900 | G5: -587.374 | H5: 0.91487333
A6: 2026-02
A7: data | B7: 3963.988 | C7: 4400 | F7: 4400 | G7: -436.012 | H7: 0.90090636 | I7: 4292.8391
A8: platform | B8: 5072.015 | C8: 5600 | D8: 1455.5083 | E8: 0.28696845 | F8: 5600 | G8: -527.985 | H8: 0.90571696 | I8: 5432.095
A9: web | B9: 5864.5992 | C9: 6500 | F9: 6500 | G9: -635.4008 | H9: 0.90224603 | I9: 6312.626
A10: 2026-03
A11: data | B11: 4501.8363 | C11: 5000 | F11: 5000 | G11: -498.1637 | H11: 0.90036726 | I11: 3963.988
A12: platform | B12: 5756.7494 | C12: 6300 | D12: 1660.0732 | E12: 0.28836989 | F12: 6300 | G12: -543.2506 | H12: 0.91376975 | I12: 5072.015
A13: web | B13: 6594.7901 | C13: 7400 | F13: 7400 | G13: -805.2099 | H13: 0.89118785 | I13: 5864.5992
A14: 2026-04
A15: data | B15: 10572.99 | C15: 5000 | F15: 5000 | G15: 5572.9902 | H15: 2.114598 | I15: 4501.8363
A16: platform | B16: 5767.2481 | C16: 6300 | D16: 1650.3815 | E16: 0.28616447 | F16: 6300 | G16: -532.7519 | H16: 0.91543621 | I16: 5756.7494
A17: web | B17: 6588.0978 | C17: 7300 | F17: 7300 | G17: -711.9022 | H17: 0.90247915 | I17: 6594.7901
A18: 2026-05
A19: data | B19: 13788.756 | C19: 5300 | F19: 5300 | G19: 8488.756 | H19: 2.6016521 | I19: 10572.99
A20: platform | B20: 6184.5587 | C20: 6700 | D20: 1761.8166 | E20: 0.28487345 | F20: 6700 | G20: -515.4413 | H20: 0.92306846 | I20: 5767.2481
A21: web | B21: 7922.6388 | C21: 7800 | F21: 7800 | G21: 122.6388 | H21: 1.0157229 | I21: 6588.0978
A22: 2026-06
A23: data | B23: 13982.964 | C23: 5300 | F23: 5300 | G23: 8682.9638 | H23: 2.6382951 | I23: 13788.756
A24: platform | B24: 6043.6774 | C24: 6700 | D24: 1759.7549 | E24: 0.29117287 | F24: 6700 | G24: -656.3226 | H24: 0.9020414 | I24: 6184.5587
A25: web | B25: 7021.6138 | C25: 7800 | F25: 7800 | G25: -778.3862 | H25: 0.9002069 | I25: 7922.6388
A26: Grand Total | B26: 125664.08 | C26: 111000 | D26: 9860.9202 | E26: 0.078470475 | F26: 111000 | G26: 14664.083 | H26: 1.1321089

Sheet _checks_measures
A1: Row Labels | B1: Total Cost | C1: Cost Prev Month | D1: Budget | E1: % of Budget | F1: MoM % | G1: % Untagged
A2: 2026-01 | B2: 16037.56 | D2: 17600 | E2: 0.91122501 | G2: 0.098106301
A3: 2026-02 | B3: 14900.602 | C3: 16037.56 | D3: 16500 | E3: 0.9030668 | F3: -0.070893446 | G3: 0.097681173
A4: 2026-03 | B4: 16853.376 | C4: 14900.602 | D4: 18700 | E4: 0.90125004 | F4: 0.13105333 | G4: 0.098500931
A5: 2026-04 | B5: 22928.336 | C5: 16853.376 | D5: 18600 | E5: 1.2327062 | F5: 0.36045955 | G5: 0.071979994
A6: 2026-05 | B6: 27895.953 | C6: 22928.336 | D6: 19800 | E6: 1.4088865 | F6: 0.21665843 | G6: 0.063156708
A7: 2026-06 | B7: 27048.255 | C7: 27895.954 | D7: 19800 | E7: 1.3660735 | F7: -0.030387866 | G7: 0.065059831
A8: Grand Total | B8: 125664.08 | D8: 111000 | E8: 1.1321089 | G8: 0.078470475

Sheet tbl_monthly
A1: month_start | B1: team | C1: service | D1: allocation | E1: cost_usd
A2: 46023 | B2: data | C2: AWSLambda | D2: tag | E2: 343.0065
A3: 46023 | B3: data | C3: AmazonCloudFront | D3: tag | E3: 319.0828
A4: 46023 | B4: data | C4: AmazonDynamoDB | D4: tag | E4: 217.3208
A5: 46023 | B5: data | C5: AmazonEC2 | D5: tag | E5: 1490.7698
A6: 46023 | B6: data | C6: AmazonRDS | D6: tag | E6: 1802.6966
A7: 46023 | B7: data | C7: AmazonS3 | D7: tag | E7: 119.9626
A8: 46023 | B8: platform | C8: AWSLambda | D8: account default | E8: 116.3737
A9: 46023 | B9: platform | C9: AWSLambda | D9: tag | E9: 119.5801
A10: 46023 | B10: platform | C10: AmazonCloudFront | D10: tag | E10: 945.8972
A11: 46023 | B11: platform | C11: AmazonCloudFront | D11: account default | E11: 515.3769
A12: 46023 | B12: platform | C12: AmazonDynamoDB | D12: account default | E12: 228.1363
A13: 46023 | B13: platform | C13: AmazonDynamoDB | D13: tag | E13: 168.4599
... A115: 46174 | B115: web | C115: AmazonS3 | D115: tag | E115: 344.1026

Sheet tbl_budget
A1: month_start | B1: team | C1: budget_usd
A2: 46023 | B2: platform | C2: 6000
A3: 46023 | B3: data | C3: 4700
A4: 46023 | B4: web | C4: 6900
A5: 46054 | B5: platform | C5: 5600
A6: 46054 | B6: data | C6: 4400
A7: 46054 | B7: web | C7: 6500
A8: 46082 | B8: platform | C8: 6300
A9: 46082 | B9: data | C9: 5000
A10: 46082 | B10: web | C10: 7400
A11: 46113 | B11: platform | C11: 6300
A12: 46113 | B12: data | C12: 5000
A13: 46113 | B13: web | C13: 7300
... A19: 46174 | B19: web | C19: 7800

Sheet tbl_team
A1: team
A2: platform
A3: data
A4: web

Sheet tbl_month
A1: month_start
A2: 46023
A3: 46054
A4: 46082
A5: 46113
A6: 46143
A7: 46174

Sheet tbl_resources
A1: resource_id | B1: service | C1: team | D1: account_name | E1: tag_environment | F1: cost_usd | G1: first_seen
A2: i-d1654b0d60dc | B2: AmazonEC2 | C2: data | D2: prod-data | E2: dev | F2: 8831.5869 | G2: 46122
A3: i-bdec3c334cca | B3: AmazonEC2 | C3: data | D3: prod-data | E3: dev | F3: 8564.9809 | G3: 46122
A4: i-24575e4f6d7b | B4: AmazonEC2 | C4: data | D4: prod-data | E4: staging | F4: 7509.6057 | G4: 46023
A5: i-a0c052e563ce | B5: AmazonEC2 | C5: data | D5: prod-data | E5: dev | F5: 6727.6679 | G5: 46122
A6: i-fe482ed4a92c | B6: AmazonEC2 | C6: platform | D6: prod-platform | E6: prod | F6: 6419.075 | G6: 46023
A7: i-56585dd1fadb | B7: AmazonEC2 | C7: web | D7: prod-web | E7: staging | F7: 6127.2194 | G7: 46023
A8: db-003d9371f745 | B8: AmazonRDS | C8: web | D8: prod-web | E8: staging | F8: 5721.1331 | G8: 46023
A9: i-c616f8fd0ba8 | B9: AmazonEC2 | C9: platform | D9: prod-platform | E9: dev | F9: 5573.1674 | G9: 46023
A10: db-29a7155ad5b4 | B10: AmazonRDS | C10: web | D10: prod-web | E10: prod | F10: 5115.6545 | G10: 46023
A11: db-22107943bb7a | B11: AmazonRDS | C11: web | D11: prod-web | E11: staging | F11: 5015.0294 | G11: 46023
A12: i-49786b5b4413 | B12: AmazonEC2 | C12: web | D12: prod-web | E12: prod | F12: 4918.5148 | G12: 46023
A13: i-4bbca7330b05 | B13: AmazonEC2 | C13: platform | D13: prod-platform | E13: dev | F13: 4600.2128 | G13: 46023
... A56: fn-e8d9224ecde3 | B56: AWSLambda | C56: data | D56: prod-data | E56: prod | F56: 166.7181 | G56: 46023

Sheet dim_account
A1: account_id | B1: account_name | C1: default_team
A2: 111111111111 | B2: prod-platform | C2: platform
A3: 222222222222 | B3: prod-data | C3: data
A4: 333333333333 | B4: prod-web | C4: web
A5: 444444444444 | B5: sandbox | C5: platform
